{"cameraMode":{"drawMode":0,"name":"Shaded","section":"Shading Mode"},"sceneLighting":false,"audioPlay":false,"sceneViewState":{"m_AlwaysRefresh":false,"showFog":false,"showSkybox":false,"showFlares":false,"showImageEffects":false,"showParticleSystems":false,"showVisualEffectGraphs":true,"m_FxEnabled":true},"in2DMode":false,"pivot":{"x":-0.051686421036720279,"y":0.49109941720962527,"z":-0.5020601749420166},"rotation":{"x":-0.0019246810115873814,"y":-0.9845028519630432,"z":0.17392674088478089,"w":0.022465616464614869},"size":1.1239290237426758,"orthographic":false}