{"cameraMode":{"drawMode":0,"name":"Shaded","section":"Shading Mode"},"sceneLighting":true,"audioPlay":false,"sceneViewState":{"m_AlwaysRefresh":false,"showFog":true,"showSkybox":true,"showFlares":true,"showImageEffects":true,"showParticleSystems":true,"showVisualEffectGraphs":true,"m_FxEnabled":false},"in2DMode":false,"pivot":{"x":-7.2736616134643559,"y":13.889357566833496,"z":22.926231384277345},"rotation":{"x":0.011690541170537472,"y":0.9796395897865295,"z":-0.1919548660516739,"w":0.05916881933808327},"size":8.413941383361817,"orthographic":false}