{"cameraMode":{"drawMode":0,"name":"Shaded","section":"Shading Mode"},"sceneLighting":true,"audioPlay":false,"sceneViewState":{"m_AlwaysRefresh":false,"showFog":true,"showSkybox":true,"showFlares":true,"showImageEffects":true,"showParticleSystems":true,"showVisualEffectGraphs":true,"m_FxEnabled":false},"in2DMode":false,"pivot":{"x":-20.860637664794923,"y":-19.533037185668947,"z":41.14509582519531},"rotation":{"x":0.32633230090141299,"y":-0.41370531916618349,"z":0.16094261407852174,"w":0.834846019744873},"size":18.234146118164064,"orthographic":false}