{"cameraMode":{"drawMode":0,"name":"Shaded","section":"Shading Mode"},"sceneLighting":true,"audioPlay":false,"sceneViewState":{"m_AlwaysRefresh":false,"showFog":true,"showSkybox":true,"showFlares":true,"showImageEffects":true,"showParticleSystems":true,"showVisualEffectGraphs":true,"m_FxEnabled":false},"in2DMode":false,"pivot":{"x":-20.66667366027832,"y":-11.153069496154786,"z":37.768516540527347},"rotation":{"x":0.23955246806144715,"y":-0.35227981209754946,"z":0.09297620505094528,"w":0.9002118706703186},"size":18.234146118164064,"orthographic":false}