{"cameraMode":{"drawMode":0,"name":"Shaded","section":"Shading Mode"},"sceneLighting":true,"audioPlay":false,"sceneViewState":{"m_AlwaysRefresh":false,"showFog":true,"showSkybox":true,"showFlares":true,"showImageEffects":true,"showParticleSystems":true,"showVisualEffectGraphs":true,"m_FxEnabled":false},"in2DMode":false,"pivot":{"x":-15.326135635375977,"y":-36.60284423828125,"z":58.26702880859375},"rotation":{"x":-0.41214683651924136,"y":0.023840080946683885,"z":-0.009843179024755955,"w":-0.9110615849494934},"size":30.824655532836915,"orthographic":false}