{"cameraMode":{"drawMode":0,"name":"Shaded","section":"Shading Mode"},"sceneLighting":false,"audioPlay":false,"sceneViewState":{"m_AlwaysRefresh":false,"showFog":true,"showSkybox":false,"showFlares":true,"showImageEffects":true,"showParticleSystems":true,"showVisualEffectGraphs":true,"m_FxEnabled":false},"in2DMode":false,"pivot":{"x":0.2274855226278305,"y":0.6028894186019898,"z":-0.4947635531425476},"rotation":{"x":0.41762083768844607,"y":-0.12756021320819856,"z":0.05883350968360901,"w":0.8978396058082581},"size":0.7692703604698181,"orthographic":false}