{"cameraMode":{"drawMode":0,"name":"Shaded","section":"Shading Mode"},"sceneLighting":false,"audioPlay":false,"sceneViewState":{"m_AlwaysRefresh":false,"showFog":true,"showSkybox":false,"showFlares":true,"showImageEffects":true,"showParticleSystems":true,"showVisualEffectGraphs":true,"m_FxEnabled":false},"in2DMode":false,"pivot":{"x":0.3055867552757263,"y":0.2571908235549927,"z":-0.2478237748146057},"rotation":{"x":-0.053358398377895358,"y":-0.41859129071235659,"z":0.02466123178601265,"w":-0.9063497185707092},"size":0.5171229839324951,"orthographic":false}