{"cameraMode":{"drawMode":0,"name":"Shaded","section":"Shading Mode"},"sceneLighting":false,"audioPlay":false,"sceneViewState":{"m_AlwaysRefresh":false,"showFog":false,"showSkybox":false,"showFlares":false,"showImageEffects":false,"showParticleSystems":false,"showVisualEffectGraphs":true,"m_FxEnabled":true},"in2DMode":false,"pivot":{"x":-0.3638743758201599,"y":0.05736356973648071,"z":-0.6937457323074341},"rotation":{"x":0.03744695708155632,"y":-0.9527093172073364,"z":0.16380292177200318,"w":0.25321662425994875},"size":1.7593653202056885,"orthographic":false}