{"cameraMode":{"drawMode":0,"name":"Shaded","section":"Shading Mode"},"sceneLighting":false,"audioPlay":false,"sceneViewState":{"m_AlwaysRefresh":false,"showFog":false,"showSkybox":false,"showFlares":false,"showImageEffects":false,"showParticleSystems":false,"showVisualEffectGraphs":true,"m_FxEnabled":true},"in2DMode":false,"pivot":{"x":0.11304675042629242,"y":0.0181272029876709,"z":0.10110247135162354},"rotation":{"x":-0.004264277871698141,"y":-0.9670631289482117,"z":0.25442853569984438,"w":0.006592938676476479},"size":0.8681786060333252,"orthographic":false}